name,email,age
,invalid-email,
user_7_1,user1@example.com,25
user_7_2,user2@example.com,52
user_7_3,user3@example.com,35
user_7_4,user4@example.com,59
user_7_5,user5@example.com,39
user_7_6,user6@example.com,25
user_7_7,user7@example.com,36
user_7_8,user8@example.com,45
user_7_9,user9@example.com,28
user_7_10,invalid-email,47
,user11@example.com,18
user_7_12,user12@example.com,
user_7_13,user13@example.com,50
user_7_14,user14@example.com,29
user_7_15,user15@example.com,50
user_7_16,user16@example.com,24
user_7_17,user17@example.com,58
user_7_18,user18@example.com,37
user_7_19,user19@example.com,58
